random_feature_1,random_feature_2,random_feature_3,random_feature_4,random_feature_5,random_feature_6,random_feature_7,random_feature_8,random_feature_9,random_feature_10
-0.1074530955089119,-0.01766828791245545,-0.056046613429476914,-0.2724520294855167,1.161762315986137,0.5369602863158286,0.10694426544985529,-0.2486840644622375,0.7966223422516387,-1.5634519833303862
