random_feature_1,random_feature_2,random_feature_3,random_feature_4,random_feature_5,random_feature_6,random_feature_7,random_feature_8,random_feature_9,random_feature_10
0.0008829855451401819,-0.009882829128908973,-0.5835363077788458,-0.7252618127320981,-0.7337370852656683,-0.8330925151739388,-0.1871717698848877,-1.1169390181670216,-0.38669499453410505,-2.7590371210750497
