random_feature_1,random_feature_2,random_feature_3,random_feature_4,random_feature_5,random_feature_6,random_feature_7,random_feature_8,random_feature_9,random_feature_10
-0.9985061340264766,0.5104604151514859,-0.3930489442118361,0.5363768902693987,0.014949399497945574,0.5046817526420728,0.5416578059979513,-1.1045772307703987,1.327091294102348,0.577078097594107
