random_feature_1,random_feature_2,random_feature_3,random_feature_4,random_feature_5,random_feature_6,random_feature_7,random_feature_8,random_feature_9,random_feature_10
1.3534146096487716,1.6813976138389972,0.24717622819545662,0.06012183335100393,0.31135375921485836,-0.04689278953759181,-1.977290061660231,-0.35058926672851837,0.8854343236799316,1.0003450409236176
