random_feature_1,random_feature_2,random_feature_3,random_feature_4,random_feature_5,random_feature_6,random_feature_7,random_feature_8,random_feature_9,random_feature_10
-0.2549746209772605,-0.03707447290486887,0.7377849805086523,-0.7043785735171297,0.11304496282685195,-1.7280611017451142,-0.09960170331969938,0.8764584591231052,-0.022609952849325595,1.223114542498858
