random_feature_1,random_feature_2,random_feature_3,random_feature_4,random_feature_5,random_feature_6,random_feature_7,random_feature_8,random_feature_9,random_feature_10
0.4691390857447578,-0.7205659471686018,-2.9269778500321713,0.48856524271752816,0.010028188971101429,0.04066088299607477,-0.3204317943513261,-0.7461436078557332,-1.8083887328272592,0.7344828240954657
