random_feature_1,random_feature_2,random_feature_3,random_feature_4,random_feature_5,random_feature_6,random_feature_7,random_feature_8,random_feature_9,random_feature_10
0.9016657970786419,-1.1020349145505244,-1.0951776664844983,0.4948420826682876,-0.039002553912104325,-0.010295332486876193,-1.4797378965841708,0.13665718748872954,-0.9313859610636538,-1.5041541266851202
