random_feature_1,random_feature_2,random_feature_3,random_feature_4,random_feature_5,random_feature_6,random_feature_7,random_feature_8,random_feature_9,random_feature_10
-0.20846083907547455,-0.6974787180946593,-1.5227776659161245,0.34625029121711043,-0.34744553489117624,-0.8897063396588774,-0.5137841974495277,-3.2297321827371164,-0.5297687733794215,-0.400695892371706
