random_feature_1,random_feature_2,random_feature_3,random_feature_4,random_feature_5,random_feature_6,random_feature_7,random_feature_8,random_feature_9,random_feature_10
-0.14394124295457056,0.323330181654475,0.05662701388176986,1.463725198046535,0.2817273425674803,1.5157455333588485,0.22006748467166318,0.2952452547932751,-1.2568501257056002,1.609280000263475
