random_feature_1,random_feature_2,random_feature_3,random_feature_4,random_feature_5,random_feature_6,random_feature_7,random_feature_8,random_feature_9,random_feature_10
-0.011877586261810104,0.47132995050777005,0.7862596772547005,0.6491299515084765,-0.967284780797162,-1.1683523740899766,-0.9409377707637238,0.5264447844298,0.49924057950297757,1.2761678366521452
