random_feature_1,random_feature_2,random_feature_3,random_feature_4,random_feature_5,random_feature_6,random_feature_7,random_feature_8,random_feature_9,random_feature_10
-0.5946802176170995,0.29349039979956143,-0.050973647401508386,-0.6842543787907447,-0.02341419302222834,1.7695870901966462,0.4506144602534858,-0.5572364079679569,-1.075239474296105,0.23217887593489334
