random_feature_1,random_feature_2,random_feature_3,random_feature_4,random_feature_5,random_feature_6,random_feature_7,random_feature_8,random_feature_9,random_feature_10
-0.10358402408900112,0.14945165784852407,-0.4799527494394816,0.34929086225727013,0.4660570783604112,-2.126225034819267,-1.6642419963955353,1.100551701427351,-0.594772351517813,0.777858989521146
