{
  "source": "Source_B",
  "hierarchy_1": "2",
  "hierarchy_2": "1",
  "summary_features": {
    "mean_of_means": 29.616017667771843,
    "std_of_means": 30.391110079049522,
    "mean_of_stds": 8.34410912442649,
    "overall_range": 98.95060549941567,
    "correlation_matrix_trace": 6.0,
    "total_variance": 543.0285020225857
  }
}