random_feature_1,random_feature_2,random_feature_3,random_feature_4,random_feature_5,random_feature_6,random_feature_7,random_feature_8,random_feature_9,random_feature_10
0.647170385237524,0.8178108674480704,-0.2881628806851423,0.6113993458377648,0.5849340721421619,-0.7654226157427106,-0.8245276488475096,-0.25985837180819626,-1.5172951229873515,-1.0821423871258624
