random_feature_1,random_feature_2,random_feature_3,random_feature_4,random_feature_5,random_feature_6,random_feature_7,random_feature_8,random_feature_9,random_feature_10
1.5793955613113544,-0.42054488593082534,0.12539245674216398,0.5877912369443935,0.33102672594295335,0.671154653941316,-0.40042097057555565,0.26499301303135125,-0.011074939525664637,1.0105527388422422
