random_feature_1,random_feature_2,random_feature_3,random_feature_4,random_feature_5,random_feature_6,random_feature_7,random_feature_8,random_feature_9,random_feature_10
-0.9005789442731956,0.44364816344052216,1.8912585220492741,-0.5730708706130818,-0.22920248602093654,0.17620388724630542,-0.6702293346850522,-0.9908539603603644,0.7182043940699777,0.5595158139701162
