random_feature_1,random_feature_2,random_feature_3,random_feature_4,random_feature_5,random_feature_6,random_feature_7,random_feature_8,random_feature_9,random_feature_10
0.6660789633930595,2.5178149907866927,0.23997483742093073,-1.2472742467062994,0.57701540877429,3.0778120988701048,-0.5062852416575072,0.3253909634709613,2.362028729885023,-0.5281388567212116
