random_feature_1,random_feature_2,random_feature_3,random_feature_4,random_feature_5,random_feature_6,random_feature_7,random_feature_8,random_feature_9,random_feature_10
-1.535239932308754,-0.3683571428386541,0.5582193416958164,0.34950246665071766,0.6888475829985121,-0.6871972034664799,-0.15734471537977407,1.3868026961196358,0.3522217082967548,-0.2088615852277111
