random_feature_1,random_feature_2,random_feature_3,random_feature_4,random_feature_5,random_feature_6,random_feature_7,random_feature_8,random_feature_9,random_feature_10
1.0456787142490338,1.2206555656423033,-0.338730327221553,-0.40305504010280463,-1.0753830108983697,-0.8429376307751949,0.3183806917799738,1.8852685706164944,-0.21725987572400676,-0.022230825589379586
