random_feature_1,random_feature_2,random_feature_3,random_feature_4,random_feature_5,random_feature_6,random_feature_7,random_feature_8,random_feature_9,random_feature_10
-0.1548852498272925,-1.7943653427936772,-0.7876765741016698,1.895053196734096,-0.008928838146011695,-1.4783010456061119,1.3412375828311238,-1.3304745685214543,-1.318606569266518,0.5534403741009849
