random_feature_1,random_feature_2,random_feature_3,random_feature_4,random_feature_5,random_feature_6,random_feature_7,random_feature_8,random_feature_9,random_feature_10
-0.7271262878418946,-1.7964192798171537,0.3029618097544055,0.084736608255937,0.21799417327759307,-0.6226698000194635,0.976381477010148,0.2065621790363145,1.5003831756210175,-0.43606633598457994
