random_feature_1,random_feature_2,random_feature_3,random_feature_4,random_feature_5,random_feature_6,random_feature_7,random_feature_8,random_feature_9,random_feature_10
-0.21851844832157089,1.8357844907867666,0.3508608789125344,0.24206872004185434,-0.4702336085903151,1.0963288780871843,0.37812498505422754,-1.7203587631765684,-0.5703597958340457,1.762440775415028
