random_feature_1,random_feature_2,random_feature_3,random_feature_4,random_feature_5,random_feature_6,random_feature_7,random_feature_8,random_feature_9,random_feature_10
0.06798188553694737,-0.3710466495317679,-0.31007783559206065,0.030477667583042465,0.8603933119070103,0.923917767722991,0.13879766829098228,-0.2880857297016607,-0.533143761429833,-0.8892613400196588
