random_feature_1,random_feature_2,random_feature_3,random_feature_4,random_feature_5,random_feature_6,random_feature_7,random_feature_8,random_feature_9,random_feature_10
0.8769997149544374,0.16644283088861778,0.6102114562164399,-1.5723329221063476,-0.00723905516284707,-2.4827021820675292,1.4088778518055023,1.0189551722466825,-1.1266408489853772,-0.9251748182207667
