random_feature_1,random_feature_2,random_feature_3,random_feature_4,random_feature_5,random_feature_6,random_feature_7,random_feature_8,random_feature_9,random_feature_10
0.18567560154135068,1.0273999493886539,-2.025011827736154,0.03443145212160546,-1.1800049112303257,-0.13504869868750155,0.003302139861671092,0.03455159655863295,1.6926974719479098,-1.5718592454761713
