random_feature_1,random_feature_2,random_feature_3,random_feature_4,random_feature_5,random_feature_6,random_feature_7,random_feature_8,random_feature_9,random_feature_10
0.3538522478591389,0.980611176913927,-0.09300911995636485,-0.48577889834182997,0.35970674064051283,1.5502629878924898,2.052739259760119,0.07975785445247958,3.3482904158002205,-1.5317265774193058
