random_feature_1,random_feature_2,random_feature_3,random_feature_4,random_feature_5,random_feature_6,random_feature_7,random_feature_8,random_feature_9,random_feature_10
-0.11733227991937704,-1.1203366163278898,-0.10472039863683724,1.4890465349173478,-0.48335588660891365,-0.8704394267948037,-1.8437313506150763,1.1682089121441877,0.6192020111104325,-0.3457301620876129
