random_feature_1,random_feature_2,random_feature_3,random_feature_4,random_feature_5,random_feature_6,random_feature_7,random_feature_8,random_feature_9,random_feature_10
-1.0483669605287746,-0.09731778182726579,-1.5656659673443867,0.4799546311655694,0.02717287429395047,0.6492914052394229,1.0474704480663497,-0.5130725571047581,-1.5417377107866885,0.34643603439763293
