random_feature_1,random_feature_2,random_feature_3,random_feature_4,random_feature_5,random_feature_6,random_feature_7,random_feature_8,random_feature_9,random_feature_10
-0.4291722768410155,0.487323894572629,0.5410651505025371,0.20095270260388867,-2.6017737385835833,0.34126886237552423,0.24532618500560038,-0.7396393278040537,-0.9074269349651788,-0.7508684886755
