random_feature_1,random_feature_2,random_feature_3,random_feature_4,random_feature_5,random_feature_6,random_feature_7,random_feature_8,random_feature_9,random_feature_10
-0.2711001157084229,0.430723335931602,-0.09225836713687104,0.164818431740472,0.9198333210706046,-1.8785089923921203,-0.3161197222830262,-0.6929880621285831,1.5018026210502913,1.0200619606787509
