random_feature_1,random_feature_2,random_feature_3,random_feature_4,random_feature_5,random_feature_6,random_feature_7,random_feature_8,random_feature_9,random_feature_10
-0.05703972341581244,0.08077129017696907,0.9983637619008895,0.11794503930985135,1.048150278134823,0.8528850281184982,1.4672038861386125,-1.7704394577252673,-0.9771983789231653,1.57590180149235
