random_feature_1,random_feature_2,random_feature_3,random_feature_4,random_feature_5,random_feature_6,random_feature_7,random_feature_8,random_feature_9,random_feature_10
-0.341841372102684,0.9067044308724173,-0.6343872222447425,0.2217634854040972,-0.16179880469413443,-1.6505745453543588,0.032896001942777524,0.5588982913056251,-0.8886839004890252,-0.21075583060688396
