random_feature_1,random_feature_2,random_feature_3,random_feature_4,random_feature_5,random_feature_6,random_feature_7,random_feature_8,random_feature_9,random_feature_10
2.667222935733642,0.43078414158417977,-2.115672789763595,0.42018438375562606,1.84036026414575,-0.05049735394849019,0.5216625296740942,0.43128363475199805,0.5240254471291731,0.4803337033966288
