random_feature_1,random_feature_2,random_feature_3,random_feature_4,random_feature_5,random_feature_6,random_feature_7,random_feature_8,random_feature_9,random_feature_10
0.11837751195729158,-1.175942135515202,-0.08230683035988476,1.2808326412253335,1.0177130273949406,0.18855609371026502,-0.48821672803112776,0.2651152097736038,-0.8853265988352972,1.8258958712483564
