random_feature_1,random_feature_2,random_feature_3,random_feature_4,random_feature_5,random_feature_6,random_feature_7,random_feature_8,random_feature_9,random_feature_10
-0.3791388278873121,-0.21816090167337762,1.9917170777683673,0.8780541968572584,0.5246570313453545,-0.19944178524181078,0.4029122704482182,-0.9496726181054653,0.9317322723791006,0.7130780425510792
