random_feature_1,random_feature_2,random_feature_3,random_feature_4,random_feature_5,random_feature_6,random_feature_7,random_feature_8,random_feature_9,random_feature_10
0.35060153588788917,0.4780323245574745,-0.2618169026342852,0.2407752111006918,1.1741527556527076,-1.3988587157499575,-1.174345573801029,-0.021465019103143395,-0.9344820039741015,-0.1678759334245007
