random_feature_1,random_feature_2,random_feature_3,random_feature_4,random_feature_5,random_feature_6,random_feature_7,random_feature_8,random_feature_9,random_feature_10
-0.6069278204967236,-2.0832866219511823,-0.27636417700760335,0.7870150303307727,-0.5859340928721939,0.03367385098226263,0.11822291200853023,-0.9836727662233892,-0.7291433406715657,1.6483672605043196
