random_feature_1,random_feature_2,random_feature_3,random_feature_4,random_feature_5,random_feature_6,random_feature_7,random_feature_8,random_feature_9,random_feature_10
-0.43529824883905344,0.07314412077998703,-1.918185567028982,-1.569200635880875,0.4490493191304996,-1.402398593868741,1.4874488899497897,1.0210073279015894,0.749637304685698,-1.8767308174764539
