random_feature_1,random_feature_2,random_feature_3,random_feature_4,random_feature_5,random_feature_6,random_feature_7,random_feature_8,random_feature_9,random_feature_10
2.3992589408590126,-0.8537077799751367,-0.12195227497513787,1.0001374251481645,-0.4358428869591762,-2.250175949890348,0.7346041135393744,1.6701672626823723,-2.7920847050327215,-0.6569767688007396
