random_feature_1,random_feature_2,random_feature_3,random_feature_4,random_feature_5,random_feature_6,random_feature_7,random_feature_8,random_feature_9,random_feature_10
-1.9843357728244335,0.9217785131182781,1.0307956370917768,1.8364469662064236,-1.063931938647946,-1.0076141430301813,-0.2072059736298644,1.1026369341607056,0.3499692352541089,0.7179645754945038
