random_feature_1,random_feature_2,random_feature_3,random_feature_4,random_feature_5,random_feature_6,random_feature_7,random_feature_8,random_feature_9,random_feature_10
-0.1994721008595394,-0.3972377120726893,-0.9593270683682266,0.643155171104314,0.2677628449168402,-0.3166795585145369,0.9554016215992757,0.003950930353406631,0.692812246455118,0.5171077578786375
