random_feature_1,random_feature_2,random_feature_3,random_feature_4,random_feature_5,random_feature_6,random_feature_7,random_feature_8,random_feature_9,random_feature_10
-0.5129223760534014,-1.5711636494675811,0.5005915039867853,1.9842778090908253,0.15336750368002985,-0.13991990047195266,-1.6453115429051495,1.2741960069933742,-0.08055007881325638,0.49780160670721973
