random_feature_1,random_feature_2,random_feature_3,random_feature_4,random_feature_5,random_feature_6,random_feature_7,random_feature_8,random_feature_9,random_feature_10
-1.8294328641745936,-0.4468068329671032,0.7496376337679028,0.27368017707720366,0.9681307950875979,0.6929420836330026,0.6677919514379832,0.9798458861372062,0.7395020881207335,-0.597053028576853
