random_feature_1,random_feature_2,random_feature_3,random_feature_4,random_feature_5,random_feature_6,random_feature_7,random_feature_8,random_feature_9,random_feature_10
-0.2611535357000032,1.358180398839933,-0.29928883949161195,-1.6800592486985269,-0.27422322693370443,1.4025744757758318,-0.020988041502870796,-2.034107271512165,0.9933427638998473,0.8426808183237476
