random_feature_1,random_feature_2,random_feature_3,random_feature_4,random_feature_5,random_feature_6,random_feature_7,random_feature_8,random_feature_9,random_feature_10
0.06613677936156193,-0.5752079157587521,-2.573667081548121,0.25624742462265787,-0.8198109819414575,0.9908503457352111,-0.44921073909330195,-0.5069773310892645,-0.464391516587535,0.7531885130190349
