random_feature_1,random_feature_2,random_feature_3,random_feature_4,random_feature_5,random_feature_6,random_feature_7,random_feature_8,random_feature_9,random_feature_10
0.3743979648702296,-1.2787346273256703,0.8859840177642395,0.34555249211433703,-0.5150934289123208,1.1510780876778348,0.12512462596797075,0.5382262273789806,1.421946680584605,1.0518152198715276
