{
  "source": "Source_B",
  "hierarchy_1": "3",
  "hierarchy_2": "4",
  "summary_features": {
    "mean_of_means": 29.159280660495057,
    "std_of_means": 29.876094749774612,
    "mean_of_stds": 8.305965997382563,
    "overall_range": 99.62392733541209,
    "correlation_matrix_trace": 6.0,
    "total_variance": 526.5703767589184
  }
}